id	name	email
1	Patrica Persich	ppersich0@imdb.com
2	Alard Malham	amalham1@godaddy.com
3	Shela Sinnat	ssinnat2@washingtonpost.com
4	Graham Le Breton	gle3@drupal.org
5	Alexine Birtwistle	abirtwistle4@springer.com
6	Jessa Tiler	jtiler5@bizjournals.com
7	Celestyn Leathart	cleathart6@homestead.com
8	Hetti Waples	hwaples7@posterous.com
9	Lloyd Brien	lbrien8@marketwatch.com
10	Pearl Loachhead	ploachhead9@bandcamp.com
11	Angeline Lochhead	alochheada@prweb.com
12	Ara Eilhermann	aeilhermannb@apple.com
13	Sanders Gritskov	sgritskovc@e-recht24.de
14	Saunder Labram	slabramd@homestead.com
15	Aili Pippin	apippine@epa.gov
16	Megan Dulin	mdulinf@paypal.com
17	Garvey Rodie	grodieg@about.com
18	Sutherland Husbands	shusbandsh@howstuffworks.com
19	Kara Tinsley	ktinsleyi@quantcast.com
20	Buffy Brodley	bbrodleyj@shop-pro.jp
21	Wilhelmine Lillo	wlillok@admin.ch
22	Leola Rickaby	lrickabyl@walmart.com
23	Siffre Pawlett	spawlettm@simplemachines.org
24	Vidovic Moutray Read	vmoutrayn@google.fr
25	Maye Haxley	mhaxleyo@apple.com
26	Nancy Kenealy	nkenealyp@tinypic.com
27	Kora Cicccitti	kcicccittiq@mozilla.com
28	Orrin Yoskowitz	oyoskowitzr@prweb.com
29	Georges Weathers	gweatherss@thetimes.co.uk
30	Fran Mullineux	fmullineuxt@lycos.com
31	Bearnard Wellstood	bwellstoodu@weather.com
32	Lindy Jaime	ljaimev@cocolog-nifty.com
33	Sampson Ramirez	sramirezw@google.fr
34	Alley Breward	abrewardx@google.com
35	Zara Audus	zaudusy@furl.net
36	Reggi Mersh	rmershz@craigslist.org
37	Chanda Cartmell	ccartmell10@stanford.edu
38	Winni Gard	wgard11@washingtonpost.com
39	Zola Linham	zlinham12@columbia.edu
40	Theresita Mogg	tmogg13@europa.eu
41	Milzie Peyton	mpeyton14@hao123.com
42	Stewart Furzey	sfurzey15@histats.com
43	Spenser Cardon	scardon16@epa.gov
44	Marion Jentet	mjentet17@icq.com
45	Riordan Breckwell	rbreckwell18@infoseek.co.jp
46	Gwyn Tamplin	gtamplin19@godaddy.com
47	Vita Olivera	volivera1a@craigslist.org
48	Grenville Bellon	gbellon1b@sakura.ne.jp
49	Montague Ongin	mongin1c@hibu.com
50	Rheba Gasson	rgasson1d@weibo.com
51	Oren Lyndon	olyndon1e@yahoo.co.jp
52	Jed Dunkerton	jdunkerton1f@mayoclinic.com
53	Kippar Lakeman	klakeman1g@yolasite.com
54	Carr Goaks	cgoaks1h@businessweek.com
55	Sandro Hunnawill	shunnawill1i@tumblr.com
56	Evelyn Sturte	esturte1j@google.co.uk
57	Annette McColl	amccoll1k@princeton.edu
58	Marieann Abbett	mabbett1l@artisteer.com
59	Francesca Shapland	fshapland1m@deviantart.com
60	Mycah Whiffin	mwhiffin1n@vk.com
61	Felizio Burle	fburle1o@google.nl
62	Rhett Roj	rroj1p@marriott.com
63	Shell Niven	sniven1q@weebly.com
64	Drusi Alywen	dalywen1r@arstechnica.com
65	Patton Pfeffel	ppfeffel1s@jigsy.com
66	Stephine Bickerstaff	sbickerstaff1t@sogou.com
67	Wilona Sydall	wsydall1u@elpais.com
68	Sebastien Charles	scharles1v@4shared.com
69	Danyelle Boyn	dboyn1w@usgs.gov
70	Alexander Gillford	agillford1x@elpais.com
71	Corey Alday	calday1y@omniture.com
72	Jemmy Giacobo	jgiacobo1z@bloglovin.com
73	Ammamaria Trammel	atrammel20@networksolutions.com
74	Gaspard Corson	gcorson21@jimdo.com
75	Adena Judgkins	ajudgkins22@imageshack.us
76	Chuck Quin	cquin23@google.co.uk
77	Osbert Clerc	oclerc24@princeton.edu
78	Pet Jagg	pjagg25@boston.com
79	Kristina Loughran	kloughran26@jiathis.com
80	Annabell Beggi	abeggi27@pbs.org
81	Tory Constanza	tconstanza28@princeton.edu
82	Berti Goodburn	bgoodburn29@google.fr
83	Adah Duff	aduff2a@51.la
84	Juliane Adriaens	jadriaens2b@google.co.jp
85	Ginevra Cherry	gcherry2c@globo.com
86	Gisella Baraclough	gbaraclough2d@addtoany.com
87	Minerva Cleal	mcleal2e@twitter.com
88	Abram Lammie	alammie2f@blinklist.com
89	Sara Sleet	ssleet2g@fema.gov
90	Jyoti Philipp	jphilipp2h@livejournal.com
91	Frederic Semken	fsemken2i@businessweek.com
92	Barrett Alldred	balldred2j@yolasite.com
93	Alicia Facher	afacher2k@ihg.com
94	Johanna Chrismas	jchrismas2l@slate.com
95	Roxy Frostdyke	rfrostdyke2m@example.com
96	Ariella Mattiacci	amattiacci2n@salon.com
97	Stacie Curson	scurson2o@cbc.ca
98	Ellary Alwen	ealwen2p@discuz.net
99	Ethelda Haddinton	ehaddinton2q@goodreads.com
100	Tess Jacob	tjacob2r@google.it
101	Aldus Grewer	agrewer2s@friendfeed.com
102	Silvanus Gitting	sgitting2t@clickbank.net
103	Matthew Kinnen	mkinnen2u@springer.com
104	Granville Lumsdaine	glumsdaine2v@behance.net
105	Salmon Coopper	scoopper2w@seattletimes.com
106	Freddy Murdy	fmurdy2x@psu.edu
107	Mellie Pettwood	mpettwood2y@ft.com
108	Torrie Balazot	tbalazot2z@microsoft.com
109	Harley Roj	hroj30@fastcompany.com
110	Milty Skae	mskae31@google.co.jp
111	Jeannie Studman	jstudman32@diigo.com
112	Otes Petrillo	opetrillo33@vimeo.com
113	Morry Burwin	mburwin34@digg.com
114	Gwenore Kuhndel	gkuhndel35@examiner.com
115	Averil Harrington	aharrington36@fc2.com
116	Roland Capstaff	rcapstaff37@mozilla.org
117	Viki Geffcock	vgeffcock38@irs.gov
118	Heath Breissan	hbreissan39@lulu.com
119	Madison Dundendale	mdundendale3a@cam.ac.uk
120	Sid Ovington	sovington3b@github.com
121	Nil Chomicki	nchomicki3c@fema.gov
122	Germain Carberry	gcarberry3d@nsw.gov.au
123	Abbi Kevern	akevern3e@skype.com
124	Lamont Geldeford	lgeldeford3f@wikispaces.com
125	Kassie Watting	kwatting3g@behance.net
126	Carolyn Sollner	csollner3h@vimeo.com
127	Arluene Sinnott	asinnott3i@prlog.org
128	Morgen Mazdon	mmazdon3j@angelfire.com
129	Van Rasp	vrasp3k@cyberchimps.com
130	Vikki Oselton	voselton3l@booking.com
131	Sisile Tieman	stieman3m@sourceforge.net
132	Meryl Cudd	mcudd3n@bloomberg.com
133	Baudoin O'Rowane	borowane3o@lulu.com
134	Alyson Oxtarby	aoxtarby3p@rakuten.co.jp
135	Karil Orrah	korrah3q@cnn.com
136	Andros Gronw	agronw3r@statcounter.com
137	Hillard Challicombe	hchallicombe3s@wp.com
138	Vernice Pavlik	vpavlik3t@tiny.cc
139	Em Fardoe	efardoe3u@livejournal.com
140	Sheryl Ridgedell	sridgedell3v@cdbaby.com
141	Caroljean Goodlake	cgoodlake3w@zimbio.com
142	Rob Bissell	rbissell3x@google.pl
143	Shaylah Josifovitz	sjosifovitz3y@github.com
144	Rachele Stocken	rstocken3z@hao123.com
145	Hertha O'Gleasane	hogleasane40@dailymotion.com
146	Remington Jimenez	rjimenez41@people.com.cn
147	Armin Lynnitt	alynnitt42@networksolutions.com
148	Elset Owthwaite	eowthwaite43@ucsd.edu
149	Washington Mumbey	wmumbey44@furl.net
150	Rance Wishart	rwishart45@jalbum.net
151	Kele Nicholas	knicholas46@cbc.ca
152	Salaidh Hallworth	shallworth47@webnode.com
153	Lynette Eldon	leldon48@gravatar.com
154	Orella Battershall	obattershall49@posterous.com
155	Addy Wissbey	awissbey4a@phoca.cz
156	Eduino Sailor	esailor4b@washington.edu
157	Sherye Orry	sorry4c@creativecommons.org
158	Dee dee Ianni	ddee4d@soup.io
159	Gustav Dundin	gdundin4e@nyu.edu
160	Beau Bryning	bbryning4f@nih.gov
161	Nick Muirden	nmuirden4g@simplemachines.org
162	Flossy Davidsohn	fdavidsohn4h@google.co.jp
163	Dian Camber	dcamber4i@tiny.cc
164	Garrick Bernucci	gbernucci4j@virginia.edu
165	Jeanette Glanester	jglanester4k@wsj.com
166	Roberto Puddan	rpuddan4l@twitter.com
167	Henri Isaak	hisaak4m@goodreads.com
168	Olympia Dresse	odresse4n@go.com
169	Corbet Walley	cwalley4o@storify.com
170	Alvie Corrado	acorrado4p@nyu.edu
171	Ammamaria Petkovic	apetkovic4q@comcast.net
172	Ferguson Dickman	fdickman4r@typepad.com
173	Morena Maddox	mmaddox4s@unicef.org
174	Melany Schultz	mschultz4t@yolasite.com
175	Ursulina Tedstone	utedstone4u@blogs.com
176	Rowland Giabuzzi	rgiabuzzi4v@cmu.edu
177	Phillie Eglin	peglin4w@apple.com
178	Elaina Lammerts	elammerts4x@imgur.com
179	Latrina Skeen	lskeen4y@behance.net
180	Shelly Lambkin	slambkin4z@umn.edu
181	Henrie Delamaine	hdelamaine50@jugem.jp
182	Alessandra Wormleighton	awormleighton51@noaa.gov
183	Kakalina Willgoss	kwillgoss52@businessweek.com
184	Jemima Pallent	jpallent53@ucoz.ru
185	Hatti Alywin	halywin54@google.pl
186	Rodrigo Cammack	rcammack55@noaa.gov
187	Valery Guiver	vguiver56@1und1.de
188	Bendite Pollicatt	bpollicatt57@nsw.gov.au
189	Cassi Rembrandt	crembrandt58@gizmodo.com
190	Allegra Noblet	anoblet59@xrea.com
191	Vonnie Mossman	vmossman5a@oracle.com
192	Jaimie Shepeard	jshepeard5b@homestead.com
193	Ryun Parradine	rparradine5c@oakley.com
194	Diann Hughf	dhughf5d@istockphoto.com
195	Thor Preon	tpreon5e@spotify.com
196	Angie Chessun	achessun5f@yelp.com
197	Sigvard Blanpein	sblanpein5g@virginia.edu
198	Rudolph Birrell	rbirrell5h@hostgator.com
199	Pearla Badgers	pbadgers5i@people.com.cn
200	Alissa Rettie	arettie5j@slideshare.net
201	Arni Tapner	atapner5k@1und1.de
202	Carly Hruska	chruska5l@army.mil
203	Emlyn Spikings	espikings5m@tuttocitta.it
204	Joli Martonfi	jmartonfi5n@networksolutions.com
205	Elinore Brightie	ebrightie5o@bbb.org
206	Hallie Brodeur	hbrodeur5p@seesaa.net
207	Kimberley Elcott	kelcott5q@google.de
208	Josie Downse	jdownse5r@qq.com
209	Ashlin Rochell	arochell5s@dion.ne.jp
210	Andree Mudle	amudle5t@constantcontact.com
211	Charleen Chaloner	cchaloner5u@webeden.co.uk
212	Harli Coneybeare	hconeybeare5v@yellowpages.com
213	Brewster Lewson	blewson5w@prweb.com
214	Alix Myderscough	amyderscough5x@storify.com
215	Thebault Leagas	tleagas5y@meetup.com
216	Gill Randle	grandle5z@fotki.com
217	Webb Arrandale	warrandale60@chronoengine.com
218	Simonette Spuffard	sspuffard61@icio.us
219	Lorettalorna Jefferys	ljefferys62@wufoo.com
220	Ingmar Paradise	iparadise63@livejournal.com
221	Sharleen Gillatt	sgillatt64@newyorker.com
222	Trumaine Byart	tbyart65@ebay.com
223	Galina Mechic	gmechic66@nasa.gov
224	Kevina Gammade	kgammade67@dropbox.com
225	Heddi Artz	hartz68@netvibes.com
226	Arlin Snodden	asnodden69@a8.net
227	Eldon Brayson	ebrayson6a@typepad.com
228	Ginnifer Readitt	greaditt6b@thetimes.co.uk
229	Charita Flintoft	cflintoft6c@alexa.com
230	Taber Kimble	tkimble6d@fastcompany.com
231	Dennie Dahlen	ddahlen6e@springer.com
232	Gianina Stemp	gstemp6f@discovery.com
233	Krishna Izard	kizard6g@privacy.gov.au
234	Claudius Durran	cdurran6h@hud.gov
235	Lorenza Maynard	lmaynard6i@opera.com
236	Fiorenze Hunsworth	fhunsworth6j@thetimes.co.uk
237	Gideon Pearcy	gpearcy6k@tiny.cc
238	Hillary Prazer	hprazer6l@dailymail.co.uk
239	Leticia Schusterl	lschusterl6m@theglobeandmail.com
240	Oneida Hulstrom	ohulstrom6n@msu.edu
241	Cinnamon Dymidowski	cdymidowski6o@webnode.com
242	Gaynor Juckes	gjuckes6p@auda.org.au
243	Marti Looby	mlooby6q@elegantthemes.com
244	Cody Truwert	ctruwert6r@tripod.com
245	Urbain Benninck	ubenninck6s@mapquest.com
246	Arlin Follin	afollin6t@state.tx.us
247	Sydney Curtiss	scurtiss6u@clickbank.net
248	Philip O'Heffernan	poheffernan6v@tinyurl.com
249	Isidore Merle	imerle6w@independent.co.uk
250	Tobe Dutnall	tdutnall6x@creativecommons.org
251	Denice Krink	dkrink6y@amazonaws.com
252	Garrard Elijah	gelijah6z@baidu.com
253	Jessie Proctor	jproctor70@creativecommons.org
254	Leda Furst	lfurst71@posterous.com
255	Blake Kewish	bkewish72@scientificamerican.com
256	Arlina Poleye	apoleye73@delicious.com
257	Violetta Galvan	vgalvan74@mail.ru
258	Benni Gleeton	bgleeton75@studiopress.com
259	Paulita Papez	ppapez76@ask.com
260	Addy Couth	acouth77@marketwatch.com
261	Corey Clendening	cclendening78@drupal.org
262	Freeman Kayzer	fkayzer79@independent.co.uk
263	Bessy Parkins	bparkins7a@dailymail.co.uk
264	Alyssa Hounsham	ahounsham7b@opensource.org
265	Giselle Luscott	gluscott7c@slate.com
266	Nissie Fallow	nfallow7d@alibaba.com
267	Isabelita Worcester	iworcester7e@salon.com
268	Joni Vedishchev	jvedishchev7f@pinterest.com
269	Dianne Canlin	dcanlin7g@goo.ne.jp
270	Merry Madine	mmadine7h@eventbrite.com
271	Danyelle Tegler	dtegler7i@163.com
272	Issy Mably	imably7j@cyberchimps.com
273	Bryant Easton	beaston7k@blogger.com
274	Hakim Drew-Clifton	hdrewclifton7l@slideshare.net
275	Tremain Sare	tsare7m@soup.io
276	Ludvig Keyser	lkeyser7n@godaddy.com
277	Horatio Oakden	hoakden7o@theatlantic.com
278	Lavinie Shurrock	lshurrock7p@cocolog-nifty.com
279	Cacilia Gasken	cgasken7q@acquirethisname.com
280	Lyon MacGibbon	lmacgibbon7r@google.co.jp
281	Bartel Gradwell	bgradwell7s@intel.com
282	Trstram Ghost	tghost7t@fda.gov
283	Allix Rummer	arummer7u@cbc.ca
284	Haleigh Townsley	htownsley7v@newyorker.com
285	Berkly Marcos	bmarcos7w@techcrunch.com
286	Joline Harmes	jharmes7x@about.me
287	Jeanine Talboy	jtalboy7y@qq.com
288	Tera Auten	tauten7z@mtv.com
289	Jeremias Flament	jflament80@bluehost.com
290	Tomaso Headings	theadings81@nymag.com
291	Domenico Bagge	dbagge82@sourceforge.net
292	Hercules Doudny	hdoudny83@hexun.com
293	Jeanna Papen	jpapen84@geocities.jp
294	Blakeley Hurlestone	bhurlestone85@walmart.com
295	Iris Gannan	igannan86@dmoz.org
296	Cameron Scarr	cscarr87@theguardian.com
297	Wat Harrington	wharrington88@sciencedirect.com
298	Gray Dominec	gdominec89@geocities.jp
299	Prent Conochie	pconochie8a@google.cn
300	Amelina Glasman	aglasman8b@virginia.edu
301	Alexio Berkley	aberkley8c@com.com
302	Zachery Howbrook	zhowbrook8d@theglobeandmail.com
303	Priscilla Roseborough	proseborough8e@bluehost.com
304	Linnet Stoven	lstoven8f@engadget.com
305	Noreen Marris	nmarris8g@hud.gov
306	Zea Josefs	zjosefs8h@discovery.com
307	Veronica Pavlov	vpavlov8i@sun.com
308	Reynold Tousey	rtousey8j@tinyurl.com
309	Corinne Maybey	cmaybey8k@freewebs.com
310	Nolana Benninger	nbenninger8l@businessinsider.com
311	Ramonda Bellew	rbellew8m@amazon.com
312	Galven O'Hengerty	gohengerty8n@sbwire.com
313	Mable Alflat	malflat8o@pbs.org
314	Mommy Toby	mtoby8p@ted.com
315	Aland Gailor	agailor8q@cdc.gov
316	Bone Storah	bstorah8r@house.gov
317	Gizela D'Souza	gdsouza8s@census.gov
318	Moselle Folker	mfolker8t@washingtonpost.com
319	Betsey Brownsea	bbrownsea8u@creativecommons.org
320	Siobhan O'Loghlen	sologhlen8v@shinystat.com
321	Pavlov Mazzei	pmazzei8w@blogtalkradio.com
322	Vanya Henbury	vhenbury8x@icq.com
323	Arty Van Eeden	avan8y@zdnet.com
324	Jesus Camosso	jcamosso8z@skype.com
325	Gladi Rangell	grangell90@salon.com
326	Afton Francklyn	afrancklyn91@earthlink.net
327	Bordie Dorn	bdorn92@google.nl
328	Giacomo Rablin	grablin93@yale.edu
329	Ella Semble	esemble94@shutterfly.com
330	Margarethe Claige	mclaige95@whitehouse.gov
331	Edna Ebsworth	eebsworth96@latimes.com
332	Abner Troy	atroy97@topsy.com
333	Hedvige Harlock	hharlock98@ca.gov
334	Lonnard Haddy	lhaddy99@discuz.net
335	Janella MacDaid	jmacdaid9a@nba.com
336	Ahmad Adrien	aadrien9b@vinaora.com
337	Adiana Tales	atales9c@nytimes.com
338	Rubetta Culwen	rculwen9d@abc.net.au
339	Clareta Bonifas	cbonifas9e@forbes.com
340	Dyanna Castellani	dcastellani9f@webs.com
341	Kissiah Frunks	kfrunks9g@ebay.com
342	Amandie Tales	atales9h@msu.edu
343	Alysia Brandts	abrandts9i@1und1.de
344	Leanora Eastcourt	leastcourt9j@networksolutions.com
345	Calhoun Worsam	cworsam9k@tripod.com
346	Gretchen Petticrew	gpetticrew9l@csmonitor.com
347	Pia Brandin	pbrandin9m@phoca.cz
348	Nathalia Silk	nsilk9n@shareasale.com
349	Corette Izkovitz	cizkovitz9o@dropbox.com
350	Eduard Daulton	edaulton9p@arizona.edu
351	Briano Smithson	bsmithson9q@cisco.com
352	Erl Bottrill	ebottrill9r@amazon.co.jp
353	Nessa Kief	nkief9s@163.com
354	Abbe Lenden	alenden9t@webnode.com
355	Towny Kemetz	tkemetz9u@wikimedia.org
356	Rowney Clayworth	rclayworth9v@berkeley.edu
357	Michelina McGettrick	mmcgettrick9w@skype.com
358	Andra Jennens	ajennens9x@umich.edu
359	Mick Mustoe	mmustoe9y@deliciousdays.com
360	Lemmie Bertenshaw	lbertenshaw9z@icq.com
361	Delinda Sergent	dsergenta0@soup.io
362	Thain Bowen	tbowena1@shutterfly.com
363	Olag Elvey	oelveya2@unicef.org
364	Lorraine Reeks	lreeksa3@phpbb.com
365	Carlos Nary	cnarya4@shareasale.com
366	Hilde Shouler	hshoulera5@g.co
367	Lucho Basden	lbasdena6@simplemachines.org
368	Barrie McKew	bmckewa7@usda.gov
369	Berti Piff	bpiffa8@godaddy.com
370	Derron Earingey	dearingeya9@europa.eu
371	Brennan Bradborne	bbradborneaa@addthis.com
372	Reinwald Wandrach	rwandrachab@baidu.com
373	Adria Reveley	areveleyac@tmall.com
374	Corrie Phelps	cphelpsad@vinaora.com
375	Godfry Frenzel;	gfrenzelae@webs.com
376	Estell Corradino	ecorradinoaf@theatlantic.com
377	Jada Haithwaite	jhaithwaiteag@cbsnews.com
378	Sammie Labrenz	slabrenzah@slate.com
379	Derry Yetts	dyettsai@fema.gov
380	Jess Tipling	jtiplingaj@jiathis.com
381	Cam Imloch	cimlochak@fema.gov
382	Roma Slatford	rslatfordal@mapquest.com
383	Gerhard Kemp	gkempam@blogtalkradio.com
384	Birk Haucke	bhauckean@wiley.com
385	Andres Risbridger	arisbridgerao@unc.edu
386	Husein Rickard	hrickardap@vinaora.com
387	Roma Fishbourn	rfishbournaq@boston.com
388	Jenilee Currm	jcurrmar@wordpress.com
389	Chad Hinkes	chinkesas@acquirethisname.com
390	Gil Tort	gtortat@dion.ne.jp
391	Henriette Jacqueme	hjacquemeau@google.co.uk
392	Chrissie Essberger	cessbergerav@blogspot.com
393	Allard Burrill	aburrillaw@tumblr.com
394	Bax Albasiny	balbasinyax@google.ca
395	Dorolice Rapport	drapportay@statcounter.com
396	Leland Raulin	lraulinaz@timesonline.co.uk
397	Joey Fenck	jfenckb0@friendfeed.com
398	Joel Mapston	jmapstonb1@ocn.ne.jp
399	Tuck Falcus	tfalcusb2@mail.ru
400	Hubey Bygreaves	hbygreavesb3@ameblo.jp
401	Kati McFadden	kmcfaddenb4@people.com.cn
402	Wilbur Lendrem	wlendremb5@unicef.org
403	Chas Garmey	cgarmeyb6@nhs.uk
404	Daryl Rapaport	drapaportb7@51.la
405	Emmerich Woodrooffe	ewoodrooffeb8@google.ru
406	Trudie Cockland	tcocklandb9@pcworld.com
407	Gisella Lansly	glanslyba@histats.com
408	Letisha Marvelley	lmarvelleybb@stanford.edu
409	Damiano Geard	dgeardbc@issuu.com
410	Brenn Kryszkiecicz	bkryszkieciczbd@behance.net
411	Addie Tearney	atearneybe@reverbnation.com
412	Buckie MacKellen	bmackellenbf@indiatimes.com
413	Arnold Pettifor	apettiforbg@washington.edu
414	Rhys Durbyn	rdurbynbh@home.pl
415	Aaron Henze	ahenzebi@dropbox.com
416	Teddie Toby	ttobybj@ycombinator.com
417	Duffy Eake	deakebk@feedburner.com
418	Christy Greenland	cgreenlandbl@imgur.com
419	Batholomew Gration	bgrationbm@gmpg.org
420	Tammy Matveiko	tmatveikobn@statcounter.com
421	Valentia Alan	valanbo@ft.com
422	Loralee Spurdens	lspurdensbp@ca.gov
423	Kipp Aggs	kaggsbq@multiply.com
424	Leonard Pheazey	lpheazeybr@live.com
425	Georgette Leathes	gleathesbs@uiuc.edu
426	Rebeca Tabert	rtabertbt@nhs.uk
427	Janeen Iveson	jivesonbu@fema.gov
428	Kennie Ivashnikov	kivashnikovbv@addthis.com
429	Quentin Vian	qvianbw@samsung.com
430	Coralyn Younie	cyouniebx@google.ru
431	Marcelline Spaven	mspavenby@t-online.de
432	Florette Mooring	fmooringbz@chicagotribune.com
433	Nerita Bonifazio	nbonifazioc0@printfriendly.com
434	Cacilie D'Aguanno	cdaguannoc1@tumblr.com
435	Peter Tassaker	ptassakerc2@slideshare.net
436	Oriana Danbi	odanbic3@discovery.com
437	Emmerich Basson	ebassonc4@xrea.com
438	Britte Triner	btrinerc5@rakuten.co.jp
439	Aaren Tolchard	atolchardc6@squarespace.com
440	Eleanor Warrier	ewarrierc7@mediafire.com
441	Olenolin Franck	ofranckc8@aol.com
442	Cullan Stare	cstarec9@timesonline.co.uk
443	Bella Grob	bgrobca@timesonline.co.uk
444	Anna-diane Ubsdale	aubsdalecb@utexas.edu
445	Nonah Birdis	nbirdiscc@accuweather.com
446	Clyve Meaking	cmeakingcd@oakley.com
447	Annmarie Bonelle	abonellece@stumbleupon.com
448	Giuseppe Buffery	gbufferycf@eepurl.com
449	Ruthe Ygo	rygocg@unicef.org
450	Sean Gonning	sgonningch@infoseek.co.jp
451	Pacorro Matteuzzi	pmatteuzzici@pen.io
452	Kirstyn Juares	kjuarescj@godaddy.com
453	Geri Wilkison	gwilkisonck@gravatar.com
454	Hetty Ricard	hricardcl@forbes.com
455	Davidson Ellice	dellicecm@myspace.com
456	Ermina Matushevitz	ematushevitzcn@skype.com
457	Jessamyn Seppey	jseppeyco@com.com
458	Wilfrid Denisyev	wdenisyevcp@photobucket.com
459	Marion Cosson	mcossoncq@usgs.gov
460	Candice Angrick	cangrickcr@globo.com
461	Goldia Marns	gmarnscs@noaa.gov
462	Cynthia Hiorn	chiornct@mit.edu
463	Blancha Pinsent	bpinsentcu@ezinearticles.com
464	Eadmund Dechelette	edechelettecv@archive.org
465	Lib Chillingworth	lchillingworthcw@loc.gov
466	Evered Cankett	ecankettcx@ed.gov
467	Vivianne Avrahamof	vavrahamofcy@hatena.ne.jp
468	Towny Skittreal	tskittrealcz@smugmug.com
469	Kiah Ivakhin	kivakhind0@mapy.cz
470	Westleigh Ruckert	wruckertd1@washington.edu
471	Sim Leedes	sleedesd2@telegraph.co.uk
472	Ruben Lunt	rluntd3@elegantthemes.com
473	Dela Williscroft	dwilliscroftd4@barnesandnoble.com
474	Pacorro Teresi	pteresid5@slate.com
475	Chris Brandrick	cbrandrickd6@123-reg.co.uk
476	Abigael Blankman	ablankmand7@blogs.com
477	Pauli Skally	pskallyd8@163.com
478	Maurine Spatig	mspatigd9@google.es
479	Claudina Royds	croydsda@behance.net
480	Grannie Brikner	gbriknerdb@mapquest.com
481	Traver Stoile	tstoiledc@exblog.jp
482	Cathrine Hollow	chollowdd@newyorker.com
483	Donnamarie Morhall	dmorhallde@ebay.com
484	Siouxie Bowell	sbowelldf@virginia.edu
485	Sherie Mitskevich	smitskevichdg@alexa.com
486	Filip Bastistini	fbastistinidh@slate.com
487	Lynnea Whyatt	lwhyattdi@dyndns.org
488	Tish Kolakovic	tkolakovicdj@mac.com
489	Cathrin Dufton	cduftondk@businessweek.com
490	Demetri O'Growgane	dogrowganedl@ox.ac.uk
491	Loretta Terris	lterrisdm@jigsy.com
492	Sydel Canter	scanterdn@forbes.com
493	Hyacinthia Potkin	hpotkindo@jiathis.com
494	Ev Jenicke	ejenickedp@google.it
495	Hillie Mitie	hmitiedq@newsvine.com
496	Julia Scamadin	jscamadindr@wikispaces.com
497	Ellette Shovlar	eshovlards@ning.com
498	Reynold Sidebotton	rsidebottondt@salon.com
499	Norean Spinozzi	nspinozzidu@geocities.jp
500	Querida Mandre	qmandredv@nytimes.com
501	Lynnette D'Aguanno	ldaguannodw@icq.com
502	Lacey Taile	ltailedx@usa.gov
503	Gwenny Aughtie	gaughtiedy@wikipedia.org
504	Alisun Watterson	awattersondz@nih.gov
505	Nadia Grimsditch	ngrimsditche0@e-recht24.de
506	Thatcher Philipeaux	tphilipeauxe1@shinystat.com
507	Kylynn Lorman	klormane2@trellian.com
508	Colet Yanshonok	cyanshonoke3@shutterfly.com
509	Rudyard Muston	rmustone4@mashable.com
510	Ced Wiskar	cwiskare5@reddit.com
511	Bernadene McLurg	bmclurge6@quantcast.com
512	Jim Labram	jlabrame7@cbsnews.com
513	Chloe Duke	cdukee8@go.com
514	Westleigh Croix	wcroixe9@sogou.com
515	Moses O'Kieran	mokieranea@pagesperso-orange.fr
516	Damon Libbe	dlibbeeb@zdnet.com
517	Arielle Giovanardi	agiovanardiec@tinyurl.com
518	Reggy Spurman	rspurmaned@hexun.com
519	Perice Willford	pwillfordee@etsy.com
520	Ninette Shrigley	nshrigleyef@gmpg.org
521	Sebastian Yuill	syuilleg@surveymonkey.com
522	Vida Grafhom	vgrafhomeh@vk.com
523	Jeffrey McLoney	jmcloneyei@bravesites.com
524	Serge Tippetts	stippettsej@google.ca
525	Matthus McEachern	mmceachernek@xrea.com
526	Ker Balogun	kbalogunel@cam.ac.uk
527	Francisca Harriskine	fharriskineem@smh.com.au
528	Rickie Harbard	rharbarden@blogtalkradio.com
529	Marilin Bretton	mbrettoneo@msu.edu
530	Loretta Nicklin	lnicklinep@nhs.uk
531	Rina Wyse	rwyseeq@businesswire.com
532	Cordy Boness	cbonesser@aboutads.info
533	Catrina Leel	cleeles@geocities.com
534	Klarrisa Panyer	kpanyeret@unesco.org
535	Rafaela Dyster	rdystereu@about.me
536	Feodor Maro	fmaroev@opensource.org
537	Caressa Cridlan	ccridlanew@bluehost.com
538	Willie De Souza	wdeex@wired.com
539	Patty Foyster	pfoysterey@vistaprint.com
540	Rivy Gribbon	rgribbonez@narod.ru
541	Magdaia Ricciardiello	mricciardiellof0@rambler.ru
542	Annmarie Croson	acrosonf1@flickr.com
543	Trisha Lesmonde	tlesmondef2@creativecommons.org
544	Siusan Spaldin	sspaldinf3@blogtalkradio.com
545	Erasmus McCrostie	emccrostief4@bloglovin.com
546	Konstantin Paunsford	kpaunsfordf5@independent.co.uk
547	Corbet Shama	cshamaf6@spotify.com
548	Russ Poland	rpolandf7@foxnews.com
549	Mariana Abisetti	mabisettif8@seattletimes.com
550	Garvin Westmacott	gwestmacottf9@over-blog.com
551	Cyrill Antonazzi	cantonazzifa@uol.com.br
552	Gennifer Driussi	gdriussifb@cnbc.com
553	Morganica Helleckas	mhelleckasfc@dailymotion.com
554	Michaelina Easey	measeyfd@tuttocitta.it
555	Sasha Healey	shealeyfe@github.io
556	Leta Redihalgh	lredihalghff@amazon.com
557	Larry Rippingall	lrippingallfg@t-online.de
558	Haywood Joplin	hjoplinfh@ning.com
559	Gerik Casoni	gcasonifi@reddit.com
560	Susi Witz	switzfj@yellowbook.com
561	Cory Dreghorn	cdreghornfk@netscape.com
562	Anallise Lamplough	alamploughfl@reddit.com
563	Florida De Simone	fdefm@macromedia.com
564	Lynn Cereceres	lcereceresfn@eepurl.com
565	Holly Maffulli	hmaffullifo@ycombinator.com
566	Jannel Kornel	jkornelfp@issuu.com
567	Hazel Blaiklock	hblaiklockfq@skyrock.com
568	Jerri Fylan	jfylanfr@networksolutions.com
569	Linnell Newcom	lnewcomfs@dedecms.com
570	Rafaelia Oneal	ronealft@jiathis.com
571	Jesse Hickinbottom	jhickinbottomfu@princeton.edu
572	Benny Stanley	bstanleyfv@timesonline.co.uk
573	Yvette Pochin	ypochinfw@youtu.be
574	Austen Alti	aaltifx@cnbc.com
575	Jacquelin Molden	jmoldenfy@bluehost.com
576	Starlin Bebbell	sbebbellfz@pbs.org
577	Rodi Trassler	rtrasslerg0@jigsy.com
578	Gamaliel Iacofo	giacofog1@springer.com
579	Lona McGow	lmcgowg2@ox.ac.uk
580	Melina Storrar	mstorrarg3@psu.edu
581	Salem Minchinton	sminchintong4@barnesandnoble.com
582	Shepherd Kingswood	skingswoodg5@reuters.com
583	Catrina Hymor	chymorg6@va.gov
584	Glen Soule	gsouleg7@mayoclinic.com
585	Marisa Newns	mnewnsg8@1688.com
586	Nahum Keane	nkeaneg9@nymag.com
587	Adelina Willstrop	awillstropga@symantec.com
588	Jamie Synnott	jsynnottgb@msn.com
589	Deeyn Bertholin	dbertholingc@acquirethisname.com
590	Riki Dyble	rdyblegd@amazon.de
591	Marni Melding	mmeldingge@telegraph.co.uk
592	Lorrie Betancourt	lbetancourtgf@odnoklassniki.ru
593	Gradeigh Hallifax	ghallifaxgg@biglobe.ne.jp
594	Yance Speeks	yspeeksgh@skype.com
595	Stefania Cases	scasesgi@intel.com
596	Orin Cordero	ocorderogj@aboutads.info
597	Edsel Phillpot	ephillpotgk@nhs.uk
598	Fiann Tegler	fteglergl@google.ru
599	Kaine Itzak	kitzakgm@theatlantic.com
600	Renae Maciaszek	rmaciaszekgn@engadget.com
601	Dene Duro	ddurogo@last.fm
602	Ida De Filippo	idegp@china.com.cn
603	Leshia Lade	lladegq@dropbox.com
604	Prudy Bury	pburygr@nifty.com
605	Emilie Garron	egarrongs@theguardian.com
606	Ada Gamil	agamilgt@alibaba.com
607	Saundra Rosindill	srosindillgu@google.com.hk
608	Perice Brumen	pbrumengv@ed.gov
609	Fee Lahive	flahivegw@buzzfeed.com
610	Wait Aers	waersgx@histats.com
611	Harrietta Featherby	hfeatherbygy@desdev.cn
612	Trish Touzey	ttouzeygz@walmart.com
613	Nora Jeffs	njeffsh0@cbslocal.com
614	Shirl Stukings	sstukingsh1@instagram.com
615	Lisabeth Bower	lbowerh2@answers.com
616	Hilda Stonary	hstonaryh3@ocn.ne.jp
617	Rebbecca Croll	rcrollh4@blinklist.com
618	Gayle Dibben	gdibbenh5@bluehost.com
619	Michel Cumine	mcumineh6@last.fm
620	Vasilis Scade	vscadeh7@washington.edu
621	Kath Synke	ksynkeh8@bandcamp.com
622	Walden Billie	wbillieh9@opera.com
623	Walton Wilsone	wwilsoneha@storify.com
624	Kerry Montel	kmontelhb@addtoany.com
625	Melina Dulin	mdulinhc@qq.com
626	Regine Braybrooke	rbraybrookehd@gov.uk
627	Simone Ison	sisonhe@discovery.com
628	Wally Nail	wnailhf@cdbaby.com
629	Graham Coney	gconeyhg@constantcontact.com
630	Stanleigh Ewan	sewanhh@vinaora.com
631	Doe Vidler	dvidlerhi@redcross.org
632	Roxana Piris	rpirishj@google.com.hk
633	Kathy Tinner	ktinnerhk@fc2.com
634	Ryan Irnys	rirnyshl@jugem.jp
635	Rodolfo Wormald	rwormaldhm@rambler.ru
636	Laurella Hollyman	lhollymanhn@loc.gov
637	Adorne Klaggeman	aklaggemanho@scientificamerican.com
638	Kristofor Dowdney	kdowdneyhp@1und1.de
639	Kamilah Lapworth	klapworthhq@ycombinator.com
640	Ardith Shurlock	ashurlockhr@fastcompany.com
641	Thaxter Delouch	tdelouchhs@forbes.com
642	Archy Vanyushkin	avanyushkinht@ucla.edu
643	Drucill Sergison	dsergisonhu@si.edu
644	Timmie Guarin	tguarinhv@t.co
645	Dinnie Westby	dwestbyhw@tripadvisor.com
646	Sissy Boate	sboatehx@upenn.edu
647	Bruce Woodfin	bwoodfinhy@blogs.com
648	Ashlen Aldersea	aalderseahz@bbb.org
649	Artie Janek	ajaneki0@ezinearticles.com
650	Harwell Courtes	hcourtesi1@scientificamerican.com
651	Randall Lampen	rlampeni2@google.it
652	Phillipp Jefferson	pjeffersoni3@about.com
653	Maggy Magovern	mmagoverni4@yahoo.com
654	Iona Stoneman	istonemani5@trellian.com
655	Zonnya Stimpson	zstimpsoni6@godaddy.com
656	Penelope Scotter	pscotteri7@zimbio.com
657	Buck Wong	bwongi8@altervista.org
658	Tilda Hillock	thillocki9@yale.edu
659	Marti Schutter	mschutteria@topsy.com
660	Cleon Maingot	cmaingotib@nps.gov
661	Skell Helwig	shelwigic@miibeian.gov.cn
662	Nelie Borrington	nborringtonid@wix.com
663	Sapphira Leborgne	sleborgneie@xing.com
664	Haleigh Prester	hpresterif@google.nl
665	Briana Tibbits	btibbitsig@mozilla.org
666	Daryn Rhubottom	drhubottomih@jigsy.com
667	Rosabella Crenshaw	rcrenshawii@icq.com
668	Finn Ziehms	fziehmsij@kickstarter.com
669	Calley Willder	cwillderik@amazonaws.com
670	Tomasina Schimoni	tschimoniil@si.edu
671	Henrik Verryan	hverryanim@yahoo.com
672	Carlyle Wassell	cwassellin@sourceforge.net
673	Lincoln Forbear	lforbeario@auda.org.au
674	Washington Garnar	wgarnarip@webeden.co.uk
675	Phylys Dikles	pdiklesiq@alibaba.com
676	Fannie Celez	fcelezir@sun.com
677	Sydel Varah	svarahis@berkeley.edu
678	Darelle Mallaby	dmallabyit@smugmug.com
679	Modesta Stancer	mstanceriu@lycos.com
680	Harmony Radborn	hradborniv@mlb.com
681	Amil Kelberman	akelbermaniw@state.tx.us
682	Abigale Springall	aspringallix@soundcloud.com
683	Gloriane Trembath	gtrembathiy@japanpost.jp
684	Laird Outlaw	loutlawiz@alibaba.com
685	Tiffanie Omrod	tomrodj0@accuweather.com
686	Morna Truse	mtrusej1@ask.com
687	Gregg Lethem	glethemj2@nbcnews.com
688	Frankie Hanniger	fhannigerj3@biblegateway.com
689	Barbette Rennles	brennlesj4@reverbnation.com
690	Gustavo Darton	gdartonj5@ebay.co.uk
691	Farrell Rushman	frushmanj6@creativecommons.org
692	Denny Aloigi	daloigij7@yellowpages.com
693	Godfry Guess	gguessj8@wikimedia.org
694	Alameda Haseley	ahaseleyj9@themeforest.net
695	Pierson Tierney	ptierneyja@si.edu
696	Lindsy Scimoni	lscimonijb@va.gov
697	Julietta Keyse	jkeysejc@pen.io
698	Viva Bubbins	vbubbinsjd@ebay.co.uk
699	Yoshi Igglesden	yigglesdenje@list-manage.com
700	Marijn MacNally	mmacnallyjf@ameblo.jp
701	Carlos Loughead	clougheadjg@slate.com
702	Ruthie Luthwood	rluthwoodjh@amazon.de
703	Tuckie Osgar	tosgarji@jiathis.com
704	Glyn Cull	gculljj@networkadvertising.org
705	Orella McLardie	omclardiejk@accuweather.com
706	Sig Menloe	smenloejl@slideshare.net
707	Davin Littlekit	dlittlekitjm@last.fm
708	Ingemar Greig	igreigjn@hugedomains.com
709	Cristiano Halstead	chalsteadjo@nymag.com
710	Orv Adel	oadeljp@businessweek.com
711	Adrianne Attarge	aattargejq@bloglines.com
712	Kay Van de Castele	kvanjr@blogger.com
713	Lukas Gummer	lgummerjs@addthis.com
714	Ree Raund	rraundjt@yahoo.co.jp
715	Talbot Kipling	tkiplingju@sina.com.cn
716	Any Strathdee	astrathdeejv@ucla.edu
717	Chuck Evensden	cevensdenjw@nhs.uk
718	Dominga Dobie	ddobiejx@sitemeter.com
719	Virgie Reid	vreidjy@google.com.hk
720	Killy Chasteau	kchasteaujz@bing.com
721	Neda Tallant	ntallantk0@blog.com
722	Maryanna Oughton	moughtonk1@goodreads.com
723	Bogart McIlmorie	bmcilmoriek2@yahoo.com
724	Donnie Crippen	dcrippenk3@cargocollective.com
725	Traver Savage	tsavagek4@icq.com
726	Baxy Fiddy	bfiddyk5@clickbank.net
727	Fitzgerald Hame	fhamek6@paginegialle.it
728	Daryn Berkelay	dberkelayk7@google.es
729	Sarina Keelin	skeelink8@rambler.ru
730	Ganny Corns	gcornsk9@infoseek.co.jp
731	Davin Hobgen	dhobgenka@apache.org
732	Fionnula Collimore	fcollimorekb@g.co
733	Brew Sauvain	bsauvainkc@youtu.be
734	Blancha Sebert	bsebertkd@surveymonkey.com
735	Sean Duffer	sdufferke@usgs.gov
736	Norah Jzak	njzakkf@youku.com
737	Mort Klimp	mklimpkg@bbb.org
738	Karie Brixham	kbrixhamkh@china.com.cn
739	Tremain Grima	tgrimaki@msu.edu
740	Everett Walbrun	ewalbrunkj@oracle.com
741	Margaux Radleigh	mradleighkk@nsw.gov.au
742	Tabbitha Feldstein	tfeldsteinkl@gizmodo.com
743	Karlie Stark	kstarkkm@deviantart.com
744	Catie Muddicliffe	cmuddicliffekn@people.com.cn
745	Hadria Jest	hjestko@marketwatch.com
746	Wesley Robker	wrobkerkp@rediff.com
747	Daisey Cullinane	dcullinanekq@accuweather.com
748	Tyrone Kassel	tkasselkr@tinypic.com
749	Madelle Goley	mgoleyks@biglobe.ne.jp
750	Kareem Bowra	kbowrakt@fda.gov
751	Phillis Kennham	pkennhamku@google.pl
752	Diann Courtenay	dcourtenaykv@mac.com
753	Genny Golly	ggollykw@wisc.edu
754	Alfredo le Keux	alekx@wikimedia.org
755	Arleyne Pearman	apearmanky@vimeo.com
756	Jeddy Crickett	jcrickettkz@msu.edu
757	Ezequiel Ledger	eledgerl0@com.com
758	Padget Cuffin	pcuffinl1@jalbum.net
759	Pearla Andrat	pandratl2@canalblog.com
760	Bruce Dell Casa	bdelll3@wunderground.com
761	Helaina Avo	havol4@miitbeian.gov.cn
762	Weber Lezemere	wlezemerel5@reuters.com
763	Penelopa Rowbotham	prowbothaml6@bing.com
764	Tucker Venn	tvennl7@goodreads.com
765	Zelig Vardie	zvardiel8@photobucket.com
766	Westbrook Krolle	wkrollel9@tiny.cc
767	Katuscha MacMichael	kmacmichaella@house.gov
768	Dalenna Netherwood	dnetherwoodlb@hp.com
769	Hyatt Yurukhin	hyurukhinlc@oaic.gov.au
770	Alasteir Tester	atesterld@fema.gov
771	Letizia Statton	lstattonle@blinklist.com
772	Madelina Jewess	mjewesslf@tripadvisor.com
773	Gwenneth Dunrige	gdunrigelg@geocities.jp
774	Latisha Sperry	lsperrylh@mapquest.com
775	Wesley Blasetti	wblasettili@jigsy.com
776	Lacey Eggerton	leggertonlj@usda.gov
777	Lewiss Noweak	lnoweaklk@cpanel.net
778	Lorin Carlan	lcarlanll@fotki.com
779	Marten Natwick	mnatwicklm@com.com
780	Melony Salkild	msalkildln@ask.com
781	Sande Wynes	swyneslo@disqus.com
782	Betta Hustler	bhustlerlp@studiopress.com
783	Raynell Yglesias	ryglesiaslq@hubpages.com
784	Mallory Milkin	mmilkinlr@barnesandnoble.com
785	Demetre Habron	dhabronls@vistaprint.com
786	Melamie Waddoups	mwaddoupslt@stumbleupon.com
787	Huntley Prettyjohn	hprettyjohnlu@hibu.com
788	Bambi Liles	blileslv@mtv.com
789	Freddy Summerfield	fsummerfieldlw@state.tx.us
790	Crissie Prene	cprenelx@google.com.au
791	Idette Vigrass	ivigrassly@bizjournals.com
792	Peter Glaum	pglaumlz@meetup.com
793	Nannette Gianullo	ngianullom0@blinklist.com
794	Jayson Callaghan	jcallaghanm1@ftc.gov
795	Alison O'Howbane	aohowbanem2@mit.edu
796	Allis Wooddisse	awooddissem3@webmd.com
797	Dniren Galbraeth	dgalbraethm4@lulu.com
798	Arv Rikkard	arikkardm5@sciencedaily.com
799	Felice Diviny	fdivinym6@constantcontact.com
800	Odey Mignot	omignotm7@senate.gov
801	Thomas Santori	tsantorim8@hc360.com
802	Guinevere Hiseman	ghisemanm9@whitehouse.gov
803	Erinna Lindner	elindnerma@mozilla.com
804	Andriana McQuillan	amcquillanmb@fda.gov
805	Lanette Folbige	lfolbigemc@yelp.com
806	Cointon Commings	ccommingsmd@eventbrite.com
807	Barnard Standrin	bstandrinme@hc360.com
808	Leola McGillecole	lmcgillecolemf@umn.edu
809	Quinlan Banton	qbantonmg@google.cn
810	Tab Greaser	tgreasermh@theguardian.com
811	Sarette Cicco	sciccomi@ifeng.com
812	Erhard Greally	egreallymj@seattletimes.com
813	Nikolaus Wainwright	nwainwrightmk@storify.com
814	Allys Lenden	alendenml@bigcartel.com
815	Brigit Kilfoyle	bkilfoylemm@narod.ru
816	Fulvia Mertin	fmertinmn@merriam-webster.com
817	Janessa De la Zenne	jdemo@nationalgeographic.com
818	Jard Tsar	jtsarmp@hp.com
819	Adel Batiste	abatistemq@ucoz.com
820	Verne Berre	vberremr@liveinternet.ru
821	Amelina Arlidge	aarlidgems@craigslist.org
822	Sandra Bossons	sbossonsmt@mozilla.com
823	Chantalle Boyne	cboynemu@nhs.uk
824	Thorpe Thormann	tthormannmv@hugedomains.com
825	Rafael Blowick	rblowickmw@ehow.com
826	Dayna Bucky	dbuckymx@google.nl
827	Rad Landrieu	rlandrieumy@g.co
828	Chrysler Munnery	cmunnerymz@nymag.com
829	Fredericka Barsby	fbarsbyn0@bbb.org
830	Cody Pilling	cpillingn1@nyu.edu
831	Inge Sydry	isydryn2@wsj.com
832	Nina Emerine	nemerinen3@about.me
833	Burr Le Gassick	blen4@nps.gov
834	Joey Garoghan	jgaroghann5@github.io
835	Rachel Cosgry	rcosgryn6@alexa.com
836	Berthe Dundendale	bdundendalen7@nsw.gov.au
837	Obediah Ricket	oricketn8@who.int
838	Boniface Kembrey	bkembreyn9@dyndns.org
839	Arel Di Biagio	adina@mlb.com
840	Kali Dietmar	kdietmarnb@reuters.com
841	Cathie Ingon	cingonnc@illinois.edu
842	Fulton Bessom	fbessomnd@forbes.com
843	Courtney Howsan	chowsanne@printfriendly.com
844	Barn Symmons	bsymmonsnf@technorati.com
845	Alverta Skellorne	askellorneng@wsj.com
846	Weber Tuting	wtutingnh@tripod.com
847	Jennee Jurkowski	jjurkowskini@wsj.com
848	Walker Orum	worumnj@hugedomains.com
849	Benjamen Letchmore	bletchmorenk@narod.ru
850	Gabriellia Pic	gpicnl@blogspot.com
851	Nichole Jakobssen	njakobssennm@hugedomains.com
852	Beverly Yashaev	byashaevnn@ibm.com
853	Bartholomeo Jeakins	bjeakinsno@imgur.com
854	Carlye Witchard	cwitchardnp@reuters.com
855	Hilarius Ainscough	hainscoughnq@yale.edu
856	Nanette Posnett	nposnettnr@dot.gov
857	Hillary Dye	hdyens@cbsnews.com
858	Ninnetta Mathys	nmathysnt@huffingtonpost.com
859	Con Craker	ccrakernu@github.com
860	Regan Rout	rroutnv@smugmug.com
861	Ignaz Rutgers	irutgersnw@state.gov
862	Nicholas De Dantesie	ndenx@ustream.tv
863	Cesya Brandenburg	cbrandenburgny@ox.ac.uk
864	Ree Tupp	rtuppnz@amazon.co.uk
865	Glori Inseal	ginsealo0@yahoo.com
866	Onofredo Elphick	oelphicko1@pen.io
867	Toby Heineken	theinekeno2@huffingtonpost.com
868	Olympie Holhouse	oholhouseo3@people.com.cn
869	Mylo Seint	mseinto4@cocolog-nifty.com
870	Rowe Byfield	rbyfieldo5@instagram.com
871	Stesha Rounsivall	srounsivallo6@reuters.com
872	Rianon Iddison	riddisono7@elegantthemes.com
873	Phebe Mulberry	pmulberryo8@fotki.com
874	Cammy Backen	cbackeno9@examiner.com
875	Nealy Ferraraccio	nferraracciooa@gov.uk
876	Tiebout Giovannacc@i	tgiovannacciob@acquirethisname.com
877	Upton Maulden	umauldenoc@google.es
878	Jabez Samweyes	jsamweyesod@sogou.com
879	Olympia Barton	obartonoe@blog.com
880	Paloma Brimacombe	pbrimacombeof@barnesandnoble.com
881	Ingeborg Wiggall	iwiggallog@google.co.jp
882	Shaun Espasa	sespasaoh@list-manage.com
883	Jarid Bartozzi	jbartozzioi@army.mil
884	Winna Liebermann	wliebermannoj@prweb.com
885	Eilis Dummer	edummerok@sphinn.com
886	Clary De Carlo	cdeol@answers.com
887	Christine Bourgour	cbourgourom@xing.com
888	Dominica Scola	dscolaon@springer.com
889	Lance Ashplant	lashplantoo@hhs.gov
890	Porter Penhale	ppenhaleop@dmoz.org
891	Randell Radleigh	rradleighoq@fastcompany.com
892	Richmound Hull	rhullor@wired.com
893	Willie Laurance	wlauranceos@istockphoto.com
894	Ramsay McCromley	rmccromleyot@jalbum.net
895	Stern Doull	sdoullou@bing.com
896	Galven Hollow	ghollowov@arstechnica.com
897	Willamina Beeswing	wbeeswingow@berkeley.edu
898	Rene Melling	rmellingox@ed.gov
899	Bertha Duly	bdulyoy@last.fm
900	Jamie Prendergrass	jprendergrassoz@wix.com
901	Oneida McCrie	omccriep0@adobe.com
902	Barbabas Kitchen	bkitchenp1@dropbox.com
903	Fallon Bavester	fbavesterp2@dmoz.org
904	Odell Newbury	onewburyp3@bluehost.com
905	Charyl Klee	ckleep4@4shared.com
906	Ethan Goodram	egoodramp5@biglobe.ne.jp
907	Dotti Leinster	dleinsterp6@chronoengine.com
908	Skipp Hollyar	shollyarp7@ed.gov
909	Brianne Gantzer	bgantzerp8@soup.io
910	Addi Attyeo	aattyeop9@trellian.com
911	Packston Bloan	pbloanpa@gravatar.com
912	Karmen Baake	kbaakepb@multiply.com
913	Carlo Penquet	cpenquetpc@sina.com.cn
914	Sloane Tompion	stompionpd@comcast.net
915	Brendon Dany	bdanype@angelfire.com
916	Ikey Raccio	iracciopf@sfgate.com
917	Dorey Herity	dheritypg@studiopress.com
918	Cristina Chiese	cchieseph@washingtonpost.com
919	Opaline Spurrett	ospurrettpi@sciencedirect.com
920	Debi Nobbs	dnobbspj@is.gd
921	Ian Howlings	ihowlingspk@shinystat.com
922	Tove Gogan	tgoganpl@statcounter.com
923	Everard Cuttin	ecuttinpm@imgur.com
924	Crissy Danby	cdanbypn@barnesandnoble.com
925	Kally Jacke	kjackepo@yale.edu
926	Constancia Couzens	ccouzenspp@dailymotion.com
927	Benedetto Hannabuss	bhannabusspq@xinhuanet.com
928	Tibold Seatter	tseatterpr@guardian.co.uk
929	Isidore Opdenorth	iopdenorthps@prnewswire.com
930	Justina Corbin	jcorbinpt@dot.gov
931	Regina Mitskevich	rmitskevichpu@yellowpages.com
932	Dewitt Kingswold	dkingswoldpv@geocities.com
933	D'arcy Timmis	dtimmispw@thetimes.co.uk
934	Curtice Dragge	cdraggepx@google.com.hk
935	Noll Power	npowerpy@google.es
936	Tod Bachmann	tbachmannpz@indiegogo.com
937	Spenser Thams	sthamsq0@nydailynews.com
938	Hilda Grimmert	hgrimmertq1@cbslocal.com
939	Merola Grima	mgrimaq2@bloglines.com
940	Leanna Hanse	lhanseq3@imageshack.us
941	Brianne Mack	bmackq4@google.com
942	Hew D'Antoni	hdantoniq5@bandcamp.com
943	Dawna Portman	dportmanq6@google.de
944	Burlie Causby	bcausbyq7@fc2.com
945	Lane Shadbolt	lshadboltq8@addthis.com
946	Heda Bancroft	hbancroftq9@seattletimes.com
947	Lanita Gay	lgayqa@ameblo.jp
948	Denyse Graundisson	dgraundissonqb@nba.com
949	Kordula Skrzynski	kskrzynskiqc@live.com
950	Luciana Ledner	llednerqd@quantcast.com
951	Alvis Spaice	aspaiceqe@t-online.de
952	Brittani Draysay	bdraysayqf@weibo.com
953	Gregorio Grimsdike	ggrimsdikeqg@mail.ru
954	Frederick Bautiste	fbautisteqh@dyndns.org
955	Margaux Tipping	mtippingqi@altervista.org
956	Burnard Gerault	bgeraultqj@geocities.com
957	Millisent Tabard	mtabardqk@networksolutions.com
958	Lanie Pitchers	lpitchersql@bloglovin.com
959	Cordey Filppetti	cfilppettiqm@tumblr.com
960	Maurene Rembrant	mrembrantqn@google.com.br
961	Herrick Purdey	hpurdeyqo@about.com
962	Dora Chambers	dchambersqp@pagesperso-orange.fr
963	Giffard Zielinski	gzielinskiqq@sourceforge.net
964	Bobbi Rojas	brojasqr@opera.com
965	Marketa Bohan	mbohanqs@cmu.edu
966	Errol Vinick	evinickqt@chronoengine.com
967	Jacobo Gaskins	jgaskinsqu@princeton.edu
968	Ella Culkin	eculkinqv@samsung.com
969	Gilburt Ickowics	gickowicsqw@gravatar.com
970	Orville Ripper	oripperqx@wikipedia.org
971	Issiah Gorrie	igorrieqy@list-manage.com
972	Ibbie Gatehouse	igatehouseqz@goo.ne.jp
973	Candra Hearl	chearlr0@dmoz.org
974	Jose Polleye	jpolleyer1@imgur.com
975	Georas Habberjam	ghabberjamr2@japanpost.jp
976	Becca Calwell	bcalwellr3@npr.org
977	Coleen Arkwright	carkwrightr4@nasa.gov
978	Lydon Currer	lcurrerr5@bandcamp.com
979	Georgianne Egger	geggerr6@hc360.com
980	Clarance OSullivan	cosullivanr7@linkedin.com
981	Robinet Heskey	rheskeyr8@vkontakte.ru
982	Kanya Adao	kadaor9@clickbank.net
983	Otes Harriott	oharriottra@uiuc.edu
984	Laverne Muckersie	lmuckersierb@photobucket.com
985	Mabelle Tamplin	mtamplinrc@pagesperso-orange.fr
986	Rosie Daville	rdavillerd@nationalgeographic.com
987	Shurwood Stote	sstotere@latimes.com
988	Domenic Dufore	dduforerf@networkadvertising.org
989	Allx Goodrich	agoodrichrg@ucla.edu
990	Hercule Grewes	hgrewesrh@apache.org
991	Beatriz Midgley	bmidgleyri@themeforest.net
992	Corbet Moodie	cmoodierj@wsj.com
993	Phaidra Corkan	pcorkanrk@businessinsider.com
994	Rafe Whatsize	rwhatsizerl@google.co.jp
995	Stavro Betho	sbethorm@walmart.com
996	Elle Paolazzi	epaolazzirn@noaa.gov
997	Gottfried Senter	gsenterro@reuters.com
998	Tomas Dunk	tdunkrp@businessinsider.com
999	Hesther McGarvie	hmcgarvierq@omniture.com
1000	Stavro Blethyn	sblethynrr@bing.com
